{"cameraMode":{"drawMode":0,"name":"Shaded","section":"Shading Mode"},"sceneLighting":true,"audioPlay":false,"sceneViewState":{"showFog":true,"showMaterialUpdate":false,"showSkybox":true,"showFlares":true,"showImageEffects":true,"showParticleSystems":true},"in2DMode":false,"pivot":{"x":-1.4233589172363282,"y":0.5033054351806641,"z":1.1470832824707032},"rotation":{"x":-0.08984366804361344,"y":0.8907382488250732,"z":-0.20134766399860383,"w":-0.3974577486515045},"size":37.302001953125,"orthographic":false}